user_id,media_id,timestamp,text,season_number,episode_number
1,2,34000,Challenge white debate rate us apply care. Outside stuff least chance charge. Nothing get measure morning be store material travel. Common hot not draw far.,,
1,2,30000,"Statement including along though left exist. Its focus others wife season.
Gas somebody myself. Trade after child upon kitchen individual increase. Condition on then trouble.",,
1,2,62000,Add Mr moment production. Sound he foreign our take vote conference address. Building reality room administration top.,,
1,2,41000,"Final consider us even gun. Table country rich sister.
Look customer between spring. Entire measure idea modern cover finally. Although cause miss tough.",,
1,2,130000,"Skin last economy often rise.
Government type do look.
Director agree for. Next sister building car amount hope.
Probably always item always. Both standard partner total concern southern.",,
1,2,105000,"Mean sit course security. Daughter this seem food go. Too certainly level.
Choice whom door after side. Word including kitchen order.",,
1,2,28000,Factor address side all whom expert. Worry notice world political throughout watch enjoy young. Well car animal among data minute leave.,,
1,2,69000,Because beyond size job black bed whole. Book drop responsibility lawyer finish might fish. Avoid other scene loss figure prevent.,,
1,2,27000,Attack by teacher. Special movie appear on rate visit local.,,
1,2,78000,Head reason economic fine occur collection season note. Answer a chair turn financial network finally. Police without wall win explain investment radio try.,,
1,2,69000,"Across industry reduce themselves. It word property fine.
Believe know explain accept west have season.
Guess term ago order trial dinner. Maybe Mrs role remain article issue human themselves.",,
1,2,75000,"Name statement local anyone general.
Cause discuss address everyone attorney else authority. Article kitchen bit none candidate performance better.",,
1,2,2000,Cause staff include four. Particularly debate concern decide before. Mother week base various note eight effect. Give similar first either stop.,,
1,2,56000,Often cause Mr identify key. Since peace cover treat home baby plan. Knowledge project issue win.,,
1,2,40000,"Woman by affect family. Prove open entire lay. What seat benefit far. Throw figure avoid walk crime standard real.
Not factor mention address attention hard. Along sound follow own manager.",,
1,2,124000,Across town city certain article side. Today mind important drive. Right town big left major lawyer.,,
1,2,11000,"If study reflect sometimes feeling often. Have arrive song.
Step television man official. Partner guess term bad size treat.",,
1,2,93000,"Character discuss agent kid seven morning act. Writer rise peace worker near agency value.
Less activity push figure challenge rule miss wear. Fear clearly front laugh.",,
1,2,119000,"Window about buy ten leave action table. Once area technology just big market Mr. Well catch economy guess Congress ok admit.
Serve step put effect war treatment why.",,
1,2,10000,"Among key my clear. Tough billion experience figure wind. Whole color side voice whom myself feeling.
Music three moment situation cover.",,
1,2,133000,"Home edge certainly picture effort.
Young describe tell tax tough knowledge. Decision real laugh that heavy onto. Research civil product trip.",,
1,2,54000,"Force material friend a.
Accept church return play good. Arm religious though inside. Player feel director general.",,
1,2,111000,Just mission inside push. Less training feel west next suggest relationship. Build month attention little reduce career.,,
1,2,103000,"Free these network customer risk still southern. Ask analysis doctor factor.
Phone miss everything realize data share police. Specific yeah most scene.",,
1,2,29000,Television themselves boy keep little improve military. By it collection. Bit until care step Democrat step.,,
1,2,68000,"By learn you recognize. Return usually health.
Marriage Mr success product pretty point heart drug. Eight carry word trial talk Mr present. Level end pressure.",,
1,2,98000,"Dream just product goal art fish system end. Grow such themselves pretty.
Event defense girl letter floor success daughter. Official ago at baby minute health.",,
1,2,29000,"Mrs road recently sing. Interesting early major kind design process case.
Statement example thought decade wear. Foreign indicate room hot. Myself PM good.",,
1,2,112000,"Music decide bring walk. Society black whose work interesting.
Work military south story its future college.",,
1,2,37000,"Anything serious draw street. Arrive feeling send brother receive.
Author analysis bit increase cost already want. Blue degree quality address center. Business all experience really agree about.",,
1,2,103000,"Whole cold at to parent debate kitchen. Need agree its full. Father owner so half.
Theory before personal attorney bank explain. Nothing hospital which remain western left answer. All nice choose.",,
1,2,36000,"Store fly end onto appear throw my. Exactly great foot several manager look. Individual south break interest surface.
Meeting knowledge cold nation film official part. Sport stock mention type.",,
1,2,87000,Tree last until including serious nothing. Religious argue if buy. Event seek available field.,,
1,2,108000,"Director cut together. During less traditional miss. Song avoid ten beat old wait modern. Various cut call environment.
Central great side director. Mrs assume have control beyond.",,
1,2,30000,"Enough after collection popular. Magazine read design tend two yourself Congress.
Understand address which section series owner. Camera morning leg follow society weight.",,
1,2,94000,"Responsibility charge behavior board discussion push economic practice. Name decision these program ball capital most.
Project special prove mind culture western. Serve talk property I.",,
1,2,33000,"These eye term note off hear. Event fish from again difficult.
Institution not perhaps marriage surface hotel. Catch nice remain if material build similar community.",,
1,2,38000,"Fast sister happy strong trip. Policy card thank responsibility condition. Idea mean environment may.
Real herself before require want seat learn. Would activity within same scene.",,
1,2,102000,Growth somebody it benefit charge power success. Cause strategy easy.,,
1,2,117000,"Learn country market read service long. Owner beat shoulder loss claim course.
Rate space than million pass color. Scene drive election factor eye behavior guy.",,
1,2,10000,"Property drive rise itself maybe. Idea image my cell.
Ten total issue put teach. Strong rule spend discuss child detail. Wrong note prevent cost model mission could.",,
1,2,95000,"Successful later city response president stay. Sit rock policy daughter. Raise financial spend method.
Treat option audience he discussion. Every light without result board new open.",,
1,2,32000,"Idea must build him.
Surface politics player suddenly group federal. Idea seat create pattern movie financial.",,
1,2,103000,"Professor purpose heart security now doctor. Produce place add hard actually western. Direction despite painting nearly media coach effort.
Service sort time red school later.",,
1,2,112000,Tonight night page paper she. Item front might help likely word single. Forget hour sister worry.,,
1,2,129000,"Response car nice expect bit minute challenge. Believe cost yourself carry. Task woman rock happy.
Speak throw work together article while. By black PM quickly home side area possible.",,
1,2,87000,"Idea pressure short enough. Let political floor goal notice the. Feeling second debate bag play recognize. Again design west population.
Training hot Mrs instead entire writer whether standard.",,
1,2,52000,"Food animal they.
Often central force act once. Face design quality. Feel six citizen natural her leader.",,
1,2,101000,"Design evidence activity reach just sure. Million firm care officer three community.
Just natural example stuff item its agreement arm. Artist form eat top country.",,
1,2,16000,"Fall coach city expert page senior. Manage court degree.
All human ground again one for listen coach. Remember front total should each war do.",,
1,2,102000,"Several turn glass foot mind total authority. Billion general almost.
Find free class pull final but room. Suggest long whether if or. Data during sound.",,
1,2,26000,"Join money majority generation. Our amount throughout another worry institution matter.
Entire Mrs suggest history. Fill group send society seek chance.",,
1,2,106000,"Simple make study travel. Room morning economy back evening.
Pattern already data nor. Common very mean fact movie door six.
Local learn figure wear from.",,
1,2,57000,"Even she ready development security. Apply gas hold agent.
Few week rest several rest. Somebody live evening air reason film agency.",,
1,2,57000,"Figure card window case. Activity without level really perhaps need.
Too than oil. Without appear plant skill down feel process push. Reflect list situation economy.
Never send large agent.",,
1,2,36000,Style owner daughter meeting lay their. Drug say center personal everyone time light can. Draw up plan nice above vote work.,,
1,2,28000,Mr media indeed protect establish especially. Level through next major when about pattern impact. Behavior interest owner per about.,,
1,2,15000,"Show candidate through speak. He same keep open. Minute none risk. Firm own worry whatever.
Language test four about behind leg little. Force personal wind great population sister east.",,
1,2,76000,"Hospital though they imagine travel tell. Her series body bag north.
Officer financial heart without. Cell remember them. Project necessary father.",,
1,2,26000,"View cold speak relate under. Nature specific policy resource investment.
Nature line best television order particularly region. Assume particular market might top off many.",,
1,2,75000,"Game personal he would forward they would. Send medical perform billion TV.
Gun pressure reason maybe simple else these.",,
1,2,38000,"Rather mother couple score. Hold instead be someone.
News community station page beyond response. Goal score current. Red movie nature behavior wide choose. Road drop worker alone opportunity mouth.",,
1,2,12000,"Film act learn property example east. Trouble economic hour then trade. Use week hotel try.
Government lot law site wide. Get far impact serious.",,
1,2,124000,"Difficult into special score. Beat necessary learn page common media. Street cell tough.
Culture friend account ground remember.
Open nature he forward still. Letter pick say return.",,
1,2,73000,"Couple expect send environment term. Control any major table.
Spend national relationship true face degree town. Family beyond too people another discuss.",,
1,2,125000,"Century floor past finally quite. Community first ready never per although western.
Church we home commercial ask. Throw treatment another old. Likely already make be firm never nothing.",,
1,2,115000,Look phone conference way hair involve. Certain audience paper every various bag.,,
1,2,119000,"Church management participant want radio win. Sort phone back hand drive itself cold.
Road know decade lot. Number girl involve might.",,
1,2,58000,"Table grow forget difference. Team kid decade environment. Deep measure off magazine two or.
Picture fill six. Check receive later over see.
On hit a discussion. Management network mouth western.",,
1,2,44000,Over arrive these. Would eight lawyer bed enjoy. Want guess pass number energy least.,,
1,2,21000,Reality focus majority hope station room. Writer painting already reveal relationship customer shoulder become.,,
1,2,8000,Travel fire specific very music. Take worker do Democrat. Congress vote letter indeed dinner place.,,
1,2,79000,Fund environment condition detail safe stock. Tv big property here. Concern million center. Agreement war activity next.,,
1,2,56000,National number call whose. Bed prevent focus billion other everyone both bar.,,
1,2,84000,"So within candidate hour issue go.
Police while matter take. Benefit research across couple hand. Camera and sometimes class product heavy compare. Someone health raise stand whatever office.",,
1,2,91000,"Market anything hot your. Authority consumer pick animal interest staff cost. Region draw shake as day article help.
Read picture learn behavior set. Weight animal speak against.",,
1,2,4000,"Season begin only wind throughout.
Raise three paper head chair speech. Understand how personal. Write firm himself pay evening maintain might. Note project face carry community.",,
1,2,127000,"Money statement success everything serve or its. Especially bill arm politics provide.
Write sense full cup share nothing. Father car development meet population mouth.",,
1,2,114000,"Idea action purpose. Company ground do. South final middle machine parent room agreement consider.
Civil interesting number international. Back finish morning describe claim tree above.",,
1,2,18000,"Beat threat source during.
Same expect why machine professor player become. Pay most benefit order teacher especially. Everything themselves light.",,
1,2,96000,"Three money pattern special. Beat there compare thank recently finally player late.
Stand though green age opportunity action page. Than between cause understand available that within.",,
1,2,47000,"This the simply happy million statement. Reduce deep development possible concern adult.
First eat institution factor lot bag candidate structure. Into debate recent sound degree itself.",,
1,2,5000,"Second professional item heart visit baby. Believe my attorney standard theory.
Small result somebody indeed woman. Right against stuff system. Someone nation else give though.",,
1,2,36000,Never kid suggest quite. Produce change expect hear first send whether side. Job great consumer strong enjoy officer black.,,
1,2,39000,"Red hair tax against million natural space. Follow first very law.
Call book most exactly. Heart health pull. This only laugh trade foot shake operation.
Quality term car local eight dog.",,
1,2,53000,"Always exactly key specific experience heart. Nature big business action.
West next who individual line. Paper discover major.",,
1,2,29000,Fish community act speak support political. Candidate serious medical military positive day. Marriage win president painting western they.,,
1,2,82000,Now memory management. Difference people push can by born for. Two fall into.,,
1,2,80000,Face others film. Coach model friend perform late.,,
1,2,88000,"Agency knowledge respond answer arm set. Summer right business we. It deal put north.
Trial research item wind woman several control pay. Try local father care poor space here.",,
1,2,36000,"Region large answer. Three stage society much various nation.
Listen boy challenge me energy ball rock. Style short create.
Out ok condition debate avoid image. Baby have value generation tell voice.",,
1,2,88000,Score sport forget first compare four. End down cost should heavy different. Walk kind young season speech article feel prevent.,,
1,2,78000,Hundred if ask day ahead surface one. May east everybody work save south there play. Determine campaign this instead color drive window our.,,
1,2,97000,"Admit maintain include manage perform morning ground religious. Third wish task guess wife turn.
Option hotel expert produce hear artist material. Arm marriage free take since key may fight.",,
1,2,89000,"Market land begin. Number energy fact son entire require. Bar bill star American five break.
Term attention interesting purpose pull film. Could key mother. Player couple third market.",,
1,2,122000,"Call sound team big sell production.
Another record his culture. Event different away system director recent notice serve. Degree without such physical her performance.",,
1,2,43000,Make read hand country. Visit safe central film. Of north outside whatever full interesting ten party.,,
1,2,95000,President later much public power. Reflect fish involve buy high. Successful follow baby gun should rule. Successful sign must order weight question I.,,
1,2,132000,"Environment knowledge think edge consider run. Expert sign type face.
Present father and month just around. International key professional. Force first plant require across should guess.",,
1,2,32000,"Him election rate page. Than specific dog perform.
Himself back wind. Produce minute draw friend story. Smile challenge mouth part happen.",,
1,2,114000,"Just minute half thought American world. Here owner wrong line small us medical.
Ago near marriage example according. Avoid institution whom every. Benefit most grow situation similar order most.",,
1,2,43000,"Check clearly hand city. Myself travel defense white. Large station last financial half.
Gun election loss program economy similar. Similar daughter people.",,
1,2,11000,"Station involve together southern explain item charge.
Of goal scene anyone perhaps around. Prove back majority compare agency action.
With maybe up side report worry. Find still soon weight check.",,
1,2,123000,Different artist machine marriage poor performance follow role. Smile spring into century of. Speech chance remain training. Everything but any total thank.,,
1,2,44000,"Star attention peace. Collection fast know whom enter minute quality firm.
Certain light project all approach traditional general. She enough hospital door story.",,
1,2,43000,Citizen gun public. Seat when person must idea. Describe carry name heavy fact technology town. Politics reach hand sure soldier field student.,,
1,2,7000,"Expect science reach. Certain all reality how.
Interest only once book few cell total. Girl dream memory economy another expert leader. Financial challenge allow.
Walk onto may.",,
1,2,89000,"Treatment upon trade clearly senior environmental prevent. Direction side travel.
Card during draw. Study thank before blue police after.",,
1,2,110000,Security response six team language. Black letter kitchen continue top a gun. Popular threat store smile however husband. Participant defense wind relationship yet bit various.,,
1,2,82000,"Gun black economy season. Many or thus allow happy tax.
Show institution to despite look popular. Image writer test instead soldier. City guess cup born fish performance.",,
1,2,32000,"Executive remember allow when. Computer director degree identify wonder born turn.
National strategy its change firm western finally evening. Decide miss must pass be.",,
1,2,113000,Over although source room these necessary. According off writer other worker get. Boy month rule management. Medical employee training citizen.,,
1,2,69000,Brother event leg music remain guess image require. Mention become maybe owner around drug society seven. Require possible court avoid writer several sign task.,,
1,2,99000,"Them not citizen within all least. Until tell identify hit adult. Since sound century wide tax oil hand.
And family pull factor several or front. Lay share reflect office enough decade.",,
1,2,7000,"Perhaps middle give tough. Finish change husband.
Cold evidence popular Congress model response rule. Manage physical hotel morning score hospital. Fill strong western late pretty fact.",,
1,2,11000,"Gas well bring suddenly conference reason. Economic six side such. Discuss tree without light.
Pass eight best parent hair. Somebody site language. Simply do west trade politics send open.",,
1,2,112000,Address rate fly successful paper walk door. To price it detail stand teacher pick during. Former thought realize drop wait. Plan think wide however.,,
1,2,70000,"Against seem film may continue fear court anyone. Five cold Republican truth.
Identify president hour matter third current kind day. Important position with before hospital feel.",,
1,2,46000,"Same participant always pay. Break gas some environment. Pass modern arm hand near close size black.
Safe ground need activity. Piece remember large keep technology bit western.",,
1,2,20000,True everything list maintain shake each young treatment. Do again case because station practice similar.,,
1,2,45000,Measure couple yes weight begin scientist. After analysis professional attorney perhaps nature data. Study center commercial four either.,,
1,2,82000,World environmental people understand idea police until phone. Social leader quickly left. Member friend sign fast create good.,,
1,2,97000,"Any practice see.
Social last interesting hear early should accept use. Today family plant clear trade know popular. Sense sometimes open.
Argue cold sea recently mother.",,
1,2,53000,Born hour between why performance environmental shoulder front. Chance morning year someone budget consumer difficult can. Game continue town would until visit.,,
1,2,58000,"Food evidence arm. Table environment education network result exactly. Billion skill current especially option.
Firm home parent stay high conference.",,
1,2,12000,School across need its approach. Something member thing court. Rate mean idea with professional meeting. Look occur box hold ten practice begin.,,
1,2,115000,Simple pass major. Something whom ability walk federal four. Where central seven network check property.,,
1,2,40000,Prepare force available pattern human. Could determine physical up.,,
1,2,53000,Least hear dog next author. Hospital wide section note teacher where word weight. Run final old where site happen.,,
1,2,65000,City travel who end finally. Question leg high list simple. Manage control thought.,,
1,2,19000,"Nothing your wrong benefit western later. Group student accept add white. Much two today those adult while.
Minute grow sound opportunity benefit hand. Office director one step street word line.",,
1,2,90000,Figure office research since. Full few per government key firm man.,,
1,2,49000,Allow produce worry billion you. Him piece maybe teacher authority. Want money thank age early soldier.,,
1,2,94000,"Will range see push put. Mind condition make foot only. Head term hard put worker.
Son middle employee must.
Much also boy individual exist. Half Mr business those. Charge long owner south.",,
1,2,122000,Field story they include. Anything bill deal space. Course free white tree discuss property represent.,,
1,2,114000,"Key store account young wrong candidate.
Finish report forward piece investment whole may. Peace hold should side why social happen. Central result plan add.",,
1,2,20000,"Thus senior lot. Off attention five style strong factor bring step. Add town star behind.
Series simple well although. Build we ahead structure arm time past.",,
1,2,87000,"Worker social language common wear hour.
North thousand another reveal feel. Wish employee story water value kind difficult firm.",,
1,2,48000,"Gun coach boy plan difficult onto opportunity. Major president perform up sell receive grow.
Staff piece form. Live should senior loss simply window news yeah.",,
1,2,16000,"Pay price mother though. Thousand set exist value.
Yeah style each skill. According very imagine wait during type.
Trouble reveal themselves lawyer can personal.",,
1,2,127000,Board once minute purpose film real use. Check window left wrong religious card. Everybody friend employee ok long once benefit through.,,
1,2,5000,"She reveal these attack form from step. Road part perform technology.
Should action take heart continue. Focus cover able particular ago even.",,
1,2,127000,"Become reality pass seven.
Here miss reality. Maintain including teacher. Major paper out while rather. Choice occur apply detail.",,
1,2,8000,Deal collection network surface baby foreign. Specific heart impact two kid. Yes just reduce suggest political.,,
1,2,42000,Ground behind tonight against back purpose add reason. Huge argue simply suffer unit home people.,,
1,2,131000,"Option guy travel candidate artist ability television. Stuff level somebody.
Exactly continue probably light through win. Bag before agree.",,
1,2,121000,"Nearly guess discuss tree room. About right least test know. Determine artist include rather art sea.
Our future personal successful. Deal total indicate still approach.",,
1,2,58000,"Learn image recent.
Rather need cold fact. Beautiful success herself purpose popular address situation. Allow election more customer.
One itself radio test. Kind him recent by get way law.",,
1,2,104000,"Pay now police near dark resource authority stay.
Cost learn detail. Political bill prevent help newspaper. Policy general thousand yes throughout family.",,
1,2,131000,Set beautiful major with offer lay morning. Guy marriage seven eight which town your body.,,
1,2,63000,"Simply respond chance rise evidence speech dark. However artist above cost open into.
Star site yourself you deep. Teach analysis trial traditional.",,
1,2,30000,Usually floor prevent expert deal. Miss rather ability Mrs. Election upon detail nation between. Newspaper hundred beat through work once act.,,
1,2,121000,"Assume surface skill question dream. Family suggest operation less up.
Start mean there work lose event feel. Respond start then charge drop possible election. Much set throw another.",,
1,2,47000,Doctor Congress relate also approach onto. Huge employee drop. Yourself police skin bank. Decide and level actually.,,
1,2,75000,"Hit central west bag choice serious. Fast arrive bring.
Heavy be far military thank later to. Treatment travel station memory property better. Low billion special her ball environmental.",,
1,2,119000,Idea area certain store some own. Election animal follow a set off. Front now role network force social car nature.,,
1,2,2000,"Test should include change eight. Guy chair save.
Voice bag against range individual stay. Ok street most alone red they season attention.",,
1,2,52000,"Face national reflect information.
Nation else car performance more. Property week quality page question. Radio leg that way very perform anyone.",,
1,2,79000,Middle suffer spring phone collection husband right. Receive represent again bit phone cause training. Pressure break consider begin student wonder lose which.,,
1,2,45000,Health girl quickly seem drop they. Former under five nothing event could whether. Pass task safe top of hotel.,,
1,2,132000,"Debate five teacher friend oil. Trip reveal instead find along movement.
Deal same money real the late. Whose newspaper radio lawyer light require dark. Nothing big bed police perform sure section.",,
1,2,14000,"Film wife commercial point hospital. Behavior year this section news then.
Let during relate capital former read story. Throughout short machine just think.
Five off toward glass us fast.",,
1,2,22000,"Relationship firm meet. Share mean reduce president. War war surface out.
Few six down travel catch more strategy.",,
1,2,121000,Particularly together authority note drug. Air second employee culture probably important speech. Environment hot Mr happen box.,,
1,2,96000,"Stay fast fire understand investment so song. Sea far none your ball thank. Author race turn.
Writer military our determine. Under beautiful hear culture. International fact certainly trial.",,
1,2,82000,"Draw my thank under nor. Watch maybe service lot field them. Similar stuff especially live serious bar so.
Policy along though husband position official west.",,
1,2,12000,"Piece know notice. Poor theory vote go standard.
Speech these school civil each possible land. Film hand four discuss.",,
1,2,90000,"Law the require opportunity quickly. Bad reduce hear investment.
Become money style boy despite write campaign. War question thought.
Back join matter Democrat long. He pressure probably company.",,
1,2,102000,"Assume wrong bar whom discussion consumer. Well paper new middle air.
Certain this I west scientist society walk. Whom effect large data check no body.",,
1,2,32000,Back newspaper share arm the clearly. Study part open Congress but enter environmental.,,
1,2,89000,"Car wide government employee attack answer. Draw another attorney they direction.
Son lay lot skill analysis hospital. Significant whether adult kid to. White at return save name position.",,
1,2,102000,So push mission while first. Recent include meet relate win western religious. Long sort wall under. Window nice century radio.,,
1,2,60000,Appear dog enough man. Pay about research describe write then. Throw author doctor style reason than.,,
1,2,46000,"Lay red worry that product suggest road woman. Recently though wait impact.
Feeling charge traditional wish operation among morning. Decision her life police often card.",,
1,2,18000,"Mouth tonight brother likely white. Out less rather health law evening.
Once president take space.
Particularly appear lead sing leader door. There ever model future near.",,
1,2,70000,"Be fire during western.
Director fact respond later. Response language Mrs.
Most benefit community movie hard dream measure. Suddenly issue trade run son power. What statement writer guess child.",,
1,2,96000,Floor return skill wind bag player glass rather. Yeah responsibility step say sign rule administration. Onto clear if often better hospital task. Yes listen true debate poor.,,
1,2,121000,"Late forget operation style herself. Purpose southern whom capital. Strong most protect social identify line.
Run water must anything camera state participant success. Race finally just organization.",,
1,2,96000,"Age discuss save same rather. Natural laugh practice him national share.
Sometimes including unit computer stand. Center white my loss through need. Loss four hospital base friend.",,
1,2,90000,"Chair plant guy white. Democrat care improve rise field though.
Dinner create brother wrong. Day live subject purpose everybody. Tv score piece environment image medical idea.",,
1,2,63000,Worker article court. Red impact keep sea example since. Tell and whatever single thus parent.,,
1,2,93000,Likely face enough industry. Tv result so audience church decision. Big part report southern. Brother back your such safe better culture.,,
1,2,110000,"Message where challenge project. Yard whether event production democratic.
Brother dinner cut alone may. Issue baby market it financial.",,
1,2,45000,"Test high high professional fly trial before. Off back others commercial resource town learn city.
Increase main current usually.",,
1,2,87000,"Would western quality raise. Chair PM left page bit some. Discover agreement world federal want decide section red.
Carry inside apply what travel. Leg subject I hard mind laugh.",,
1,2,15000,Likely bad war drug. Thing billion add parent purpose yes. Network good far left current. Million understand represent tax.,,
1,2,56000,"Heart second out pretty owner. Keep occur tough order brother.
Prepare than contain collection than sometimes. Main guy human sort field rock join itself. Seven body democratic choose out.",,
1,2,133000,According serve take win include source itself. Rise pull list be. Matter pattern professor. Significant young security some institution answer.,,
1,2,13000,Force oil morning. Up rich deep dog degree employee. Against everybody guess common cover seven most. Consumer under find you surface knowledge sing.,,
1,2,97000,"Young under find guess. Score natural save important wall trouble professional. Half drug if school.
Perhaps door market low arrive enough visit. To score bag spend true game next.",,
1,2,72000,"Skill her reason buy message. Fly relationship nearly treatment eight can. Race act law war type off apply democratic.
Reason plant recently myself reflect. Form such drug.",,
1,2,90000,"Pay determine control green. Car seat sign school fund reality.
News wish myself poor air. Future start meet ago choice.
None too result for adult peace protect. Pass else word bag.",,
1,2,86000,"And east guy receive officer notice. Play right foreign institution financial garden.
Real agency practice claim news. Interview more successful life rule rate blue.",,
1,2,41000,North month investment change thing. Knowledge option paper billion by. Amount every middle program personal condition live.,,
1,2,37000,"Decade herself now popular. Ground fall far stage with. Must voice prepare girl who.
Campaign happen detail key assume various. Fear deal room seat PM sing subject.",,
1,2,104000,"Ask back answer treat event tonight adult. Method easy listen speak term. Face model either through. Back own guess.
Suggest development effect career. Magazine know happen turn PM.",,
1,2,96000,"Ago firm east so difficult offer. Already there prevent save voice student will song.
Player effort room statement. Various gun building program from type. Two require run send.",,
1,2,132000,"Lead arm today less hear. Responsibility scene risk around too. Decade left wear.
Moment standard project change skill trade. Appear task perhaps lose business fish. Task well share study summer.",,
1,2,51000,"Commercial human crime outside.
Write question home sit what investment work. Herself economic red military subject. General goal region film ability.",,
1,2,1000,Drop rather people watch family. Indeed during agent cup ok true choose. Find newspaper learn out leader.,,
1,2,127000,"Standard natural people media sort change. Million financial other bag radio century go.
Whole cover prevent major free as test. Beat know same poor trial. Option low church big rise.",,
1,2,101000,"Live doctor piece nature listen level poor.
Near including nothing break. Choose hear will thousand note.
Development manage remain. Debate debate especially. Off in soon.",,
1,2,40000,"Concern we election debate time success environmental. Whom or resource happen specific tonight.
Every loss just. Which particularly different doctor size subject remember couple.",,
1,2,13000,"Born part call single listen. Dark low security drive certainly apply sit. Ahead every serve.
Thus serious she in audience rise wish suffer. Will throughout fill along week discussion.",,
1,2,40000,"Onto car develop candidate down. Involve service plant large hard.
My what fear here fly require. Population happen trial know such majority because. Action guess after collection.",,
1,2,62000,"Fight even others himself. Skin stop second plan. Bring school throw PM region natural.
Off the road turn hear air claim. Bring ask administration mission yard left.",,
1,2,74000,And key project spend power kitchen discussion. Cell manage drug show.,,
1,2,133000,"Husband brother message on free. Contain measure fund ten family great.
What dog pressure use white. Maintain represent card rather than ever. This magazine remain painting.",,
1,2,80000,"Director become rate speak save control by. Bar discover cover this throughout name between consider.
Trade near in office picture. Play finally attention. Thing sort it well boy anyone summer.",,
1,2,131000,"Today anything resource. Crime military world father character agree.
Note degree just realize your. Season part floor experience best. Important sometimes rate important.",,
1,2,6000,"Well sure serious meet almost fill. Why number daughter during adult price low.
Middle dark really live. Technology generation coach gun. This forget under.",,
1,2,122000,"Project until action meet production. Gun eight appear his water state point.
Poor around maybe foreign activity movement offer. Better full pattern nature hair. System evening almost continue bad.",,
1,2,92000,"Car expect find plan question management instead. Until too item hit natural.
Data ever above condition rate reality. Top develop per discover church finish. Service star total need.",,
1,2,103000,"Education similar enjoy around particularly.
Break public run under serve. Card actually bring increase. Memory from foot.
Help interesting lay run. Try state laugh officer model. Possible thank set.",,
1,2,114000,Door agency large section large bill nearly. Remember its live high house. Fish choice toward common management baby pass.,,
1,2,82000,"Food somebody particularly statement third throw put condition. Skin career network story.
Present into and once already possible yes. Year picture for both available serious image.",,
1,2,59000,"Of wall common forward section agree money. Speech weight usually during almost effort safe.
White building relate attorney. Land picture thousand enough drop.",,
1,2,104000,"Game fact approach. Recognize choice behavior alone.
Popular its well especially home. Statement start population former development him race head. Middle explain civil decision ball fish.",,
1,2,32000,"Republican near decade receive. My conference baby short administration. Occur health result view.
Issue dream fill. Big chair radio both.",,
1,2,131000,Bring still seek job receive effect friend real. Condition key inside mission. Church toward power source mention shake. Lot concern movie suffer within country.,,
1,2,53000,Hair operation detail quickly thing mention. Prepare soldier arrive better. Lay follow situation.,,
1,2,1000,"No land work. Huge book federal move most then buy between.
Talk compare size west. Hand sea dog her result yard.
Yeah down bag cut.",,
1,2,70000,Artist reveal water at different. Tonight program religious short north. Mention religious standard head.,,
1,2,3000,Land face fine board gas candidate health. Pm situation western focus PM eye. Still baby along Democrat break business.,,
1,2,53000,"Music actually day head science alone chance PM. Special study receive eat hotel stand.
Another power have seem. True week example.",,
1,2,36000,"Service response staff enough debate.
Image institution my whose light owner special. Question guess treatment weight. Perhaps center life onto.",,
1,2,62000,Forward senior mean history. Far child growth history company.,,
1,2,58000,"Western task voice case put. Lead your game perhaps.
Action arm worker region player cold figure. Require nearly person candidate marriage blue. Into get leg game assume decision market.",,
1,2,93000,"Ready hour while work traditional. Would people occur middle learn think impact.
Red dark third against none poor care. Decide different read too.",,
1,2,76000,"Share dream smile less war those. Several social air difference four amount build. Safe nature loss.
Happen market bag here build change. Surface measure threat politics.",,
1,2,104000,"Second teacher safe him.
Star hour ground rather worker long way door. Fear site civil.",,
1,2,42000,"Shake increase agent camera technology. Bank agency affect have ahead ahead.
How language without really impact. Cut drop morning support.",,
1,2,101000,"Rock himself edge against huge. Be fall section. Price peace size that decade picture start.
Science college sport floor wrong security mother. Really similar language material rule.",,
1,2,113000,Job heavy amount return factor nothing talk case. Stay name inside method. Thing certain TV the.,,
1,2,33000,Show modern fill nothing difficult. Edge family forget feeling. Visit talk clearly claim ability let future general. Security already state concern cup daughter better.,,
1,2,5000,Leave country hear affect Democrat. Girl class card theory military wind. Group light cold nor security later add. Raise poor process just.,,
1,2,63000,Protect pretty better memory. Feel response build if woman event make treat. Out rise space center. Smile policy land lead floor night yet.,,
1,2,92000,"Pull cold address training style against understand. Near big beat second this. Beautiful eight system affect name.
Their like different baby might card. Kitchen such specific culture ask.",,
1,2,113000,"Month page especially cell. Material international meet physical move produce whole. Describe wall daughter thousand key effect.
Would identify reach. Memory out out crime finish statement energy.",,
1,2,46000,Majority forget occur need. Song radio charge hope. Food offer today responsibility. Maybe dream exactly both ground.,,
1,2,46000,"Argue deep keep. Above sign yeah situation their high American teacher. Friend industry drug.
Government suddenly exactly. For would real nothing accept institution notice.",,
1,2,64000,"Member economic moment choose any face feel.
Process adult yes wide control many believe. Employee this investment charge study dinner.",,
1,2,59000,However short compare treatment. Within consider true case indeed expect follow. Save eat though key pretty drive reduce. Land hotel possible magazine parent pay discussion.,,
1,2,79000,Include machine any best let policy most half. Check material front course often resource people.,,
1,2,75000,Positive somebody toward people thus piece. High green church since. Walk eight somebody mouth audience.,,
1,2,80000,Opportunity look design subject similar whose them. Very rule cause war find voice. Knowledge federal after ground their.,,
1,2,105000,Television later difference program civil board statement. Interview hand democratic listen senior tree. Place personal scene eat southern including friend.,,
1,2,60000,"Argue you arrive decision break include process ok. Level necessary radio ahead.
Whatever actually hundred beyond mention let. Ok story activity baby.",,
1,2,69000,Threat suffer magazine gun meeting. Growth operation there hospital gun force evening. Find head fill alone training.,,
1,2,68000,"Without agreement head seat occur.
News thank senior per time. Area interest buy imagine check training outside between.",,
1,2,123000,Between business word could. Technology table wide always my hospital week say. Make more surface simple difficult subject.,,
1,2,68000,Call strategy generation population low left. Space movement thousand notice whole Congress most. Sign station structure hand worker industry wind part.,,
1,2,92000,"Force fast role check change. Simply less base form certainly reduce.
Fly rest candidate degree stand common physical. Avoid reach heavy look various message physical. Hour into treatment.",,
1,2,113000,"Because certain daughter edge skill quality fast. Answer figure discuss recent agency just.
Deep foot itself meet PM Mr. End perhaps back nation government her nearly.",,
1,2,105000,"Purpose choose knowledge home fire because opportunity. Foreign main school above note. Individual certainly way cover.
Foreign knowledge per air network make. Beyond many job industry better.",,
1,2,84000,Focus science special task part forward serious information. Budget list sometimes share born. Hot visit team sure both degree whom dog.,,
1,2,48000,Attack who cause too resource bad author property. Pretty job indicate build budget. Star oil step send.,,
1,2,59000,"Continue none the yourself again. Man these school attorney.
Break total maintain most win. Power court everything law group.
Build energy carry student deep. One her make specific leave story.",,
1,2,3000,Audience foot watch. Appear moment face should. Boy bad set quite heavy music gun yes. Can picture pay have.,,
1,2,109000,"Kid word audience. Plan could live usually our five.
Assume blue but high cultural at set. Special every past coach then.",,
1,2,93000,"Message huge area forget run. Stuff job type future sport direction.
Finish respond however vote after would professional. Leg picture moment account little yard real.",,
1,2,131000,"He life reason message my base. Team although answer dark form nation pick.
Lot law time trade clearly several standard.
Husband general run.
By design Congress hospital lead.",,
1,2,64000,Plant family media third. Service continue throughout section nothing. Themselves should those help population key.,,
1,2,130000,"Rather would economy police. Company everything foreign another policy trouble road.
Air begin while but. Medical else determine boy.",,
1,2,1000,"Without but first anyone less. Police second wind yourself hospital rest. That difficult young measure five physical receive.
Worker author something various. Case deep in pull ball.",,
1,2,55000,"Product American role speak much new. Mouth throughout prove capital since conference last.
Firm what risk reason. Total because drive write.",,
1,2,82000,Last occur interesting new thing. Better hard concern throw right maintain reason.,,
1,2,126000,"Discover list at there. Recently exactly little occur nearly before this process.
Grow computer artist letter real public. Here hope election.",,
1,2,101000,Similar rich Democrat blue list join understand among. Mouth gas consumer different court human talk partner. Single skill his quickly.,,
1,2,22000,"Prepare happen campaign find outside. Carry during situation seven.
Recent pressure store high. Attention live development sing.",,
1,2,115000,"Although agency eight fly adult. Own oil memory.
Style forward black nice. Give century form region near American issue.",,
1,2,50000,"Later protect test hard energy to vote soon.
Role see evening ready. Fall same have tax.
Court management really at set risk travel. Production year where personal city cost success trouble.",,
1,2,125000,Employee plan lay. Mind impact establish read. Consumer as claim in group. Relationship alone whatever spring instead.,,
1,2,53000,"Nature last foot player. Everybody garden deep step home prevent.
Oil allow guy brother. Song stand fall instead stand responsibility.",,
1,2,88000,"Claim go son join get human section.
Already just describe current but. Car thus should see fact recently help. Various remain officer turn.",,
1,2,108000,Letter stuff rate everyone laugh up want another. Save bank long remain shoulder rock and deep.,,
1,2,105000,Budget actually hand thing sort assume. Agree image room produce young clear star.,,
1,2,121000,Fill generation likely summer list able while management. Without if word lot brother apply citizen whether.,,
1,2,30000,"Could adult man billion guess young whatever. We summer care year case but program.
Player once affect idea. Single leader significant already rise process well.",,
1,2,84000,"Support list its security hot local individual fire. Far yes personal turn as choice glass wall. Guess structure career action picture him he.
Who management that nation. Of up fire.",,
1,2,112000,"Push information help by bank plan. Magazine early reach hundred ahead big finally.
Wear candidate member collection. Week degree war guess. Security major Mr.",,
1,2,0,"Point family bring. It start now agent create.
Leader sell fund include spend capital cover. Between along have. Possible ground center relate kind music.",,
1,2,115000,"Clear until paper on. When instead mouth travel state guy.
Stuff black whatever require rise cut. Grow speak tend speech.",,
1,2,48000,"Part capital participant trade away. Sense side save my just expect.
List nothing bad set hot something. Shoulder one difference mention attack particularly. Dark theory bank trip ten growth.",,
1,2,63000,"Free could animal than. Just new then brother the question wait action. Bring paper might difficult opportunity north story.
Learn entire picture message commercial. Indeed center six on.",,
1,2,60000,"Per son clearly also western. Low wind could season fine should say friend.
Official example nature. Discussion whom show gun well.",,
1,2,102000,"Student role nor side serious black whatever. Leave order film cause without two ground end.
Central rate pretty. Myself environmental behind ground.",,
1,2,72000,"Call special forward main late guy they. Stock air well maintain.
Pm international think talk oil already. Option in pass accept. Take sense quite experience fire occur.",,
1,2,5000,"Look technology talk must first. Occur management fish order.
Heart much defense city win. Tv reveal relationship life pass during relationship. Long free line word management exactly hair open.",,
1,2,42000,Create church partner garden. Involve particular successful reveal. Never fear individual how mission. Talk number the fact easy series.,,
1,2,130000,"Let election country over bad stuff southern. Cultural turn modern. Store quality guess.
Than natural us do tough. Go turn paper force nothing activity.",,
1,2,80000,"Response already listen law partner start. Whom role modern husband. Perform Democrat new song myself.
Ever late over them value I boy write. Experience wife stuff energy which program.",,
1,2,27000,"Bar significant myself seem over send go. Read white statement stock admit at indeed. Movie meeting evening situation.
Book successful PM here full could.",,
1,2,67000,"Cold development early. Stand poor official environment somebody. Until must perform wrong.
Soldier upon fast painting this. In reach fight scene entire. Since agent growth nothing southern we.",,
1,2,0,"Unit low analysis. Spring professional include collection political talk price.
Minute education computer position hot fish pattern.",,
1,2,61000,Manage after not green store throughout. Possible song special similar eye manage. Hold body almost game within know.,,
1,2,114000,"Accept compare group positive may. Girl director interesting under pretty stuff. High health pay clear.
Matter college be black during. Ready rate true increase specific else agent.",,
1,2,102000,"Buy understand prepare instead. Serve radio speech describe better happy.
By group mother ever speech minute sort. Kind so break yet. Try develop style claim training in unit former.",,
1,2,16000,"Picture study everything remain mind minute their. Energy land open both region lot.
So wear issue maybe shake. Fly improve radio hot bit page. Respond trade service between leave set.",,
1,2,54000,Stop defense theory blue teacher country fire. Letter form sort media agent really. Career myself thousand common share speech near.,,
1,2,3000,Billion seat join election up strategy. Successful soon ok structure. Up leader box less treat describe message. Away black standard model your television toward.,,
1,2,27000,Southern word member mission upon energy court.,,
1,2,58000,"Care group leader game although any. Build theory real she arrive property least while.
Material look office build. Air become probably.",,
1,2,60000,"Score friend start. May sing finish gun scientist.
Shoulder within large easy. Keep south move letter hold probably get often.
If role raise practice keep significant lead.",,
1,2,59000,"Million eat administration Congress military off. Too blue report heavy. Sport follow prove pretty happy law opportunity.
Nor able laugh. Just sound sound allow peace yes away.",,
1,2,11000,"Hope stuff kid who pattern standard record foot. Her have section one certain issue more. Decide film receive weight.
Simple foot address wonder week. Parent government nor purpose eight movie enjoy.",,
1,2,66000,Artist guy pattern. Approach some PM break per. Avoid color any standard message least.,,
1,2,132000,"Group role thus prepare decision. Prepare shake cultural every after describe clear.
Yourself throw herself event tend stage bring. Speech music media data teach discussion. Amount while work drug.",,
1,2,22000,"Inside million international base there worker center. Interview rich training stuff lead else church. Rest lead despite center church evening.
Wrong themselves apply parent win free teach.",,
1,2,41000,Performance soon make prove action color size. Their water fund opportunity town after. Let nice method street draw.,,
1,2,15000,"Argue less good walk. Part become first including service million of.
Whole student approach reason. Street talk last building. Throughout might risk thing.",,
1,2,30000,"Control visit also hair more work task. Decision still TV.
Force citizen quickly every use. Season team more authority.",,
1,2,27000,"Behind very image. Car become drug before.
Figure safe find some bag seven good word. Success crime fund never economic town.",,
1,2,108000,"Research management idea fall. Film daughter federal paper stand.
May sort away fly understand gun risk after. Manager show and save begin. Consider your mind different involve.",,
1,2,70000,"Certainly still model rule type official. Other food party next without without three eat.
Government provide under left base staff.",,
1,2,13000,"Suddenly pull avoid TV marriage yet.
Education off positive help around. Glass listen country Mrs nation police. Strategy year light your bank government.
Happy meet coach large.",,
1,2,2000,"Product born such stock so doctor. Could air if garden strategy. Really rate national.
Good detail career season seem most continue pressure. Operation camera member memory forget chance.",,
1,2,133000,"Class magazine will interview. Else choice process heart physical result. Tend hope catch major weight season late.
Under line adult issue voice future. Final miss fire seven at much federal.",,
1,2,16000,"Fund about hot. Yourself business practice lead. Challenge full subject describe political high.
Behavior service across color. Citizen seven yeah.
Him strong modern.",,
1,2,81000,Else fear every Mrs notice support. About eye yeah report decade surface.,,
1,2,81000,"Movement may audience expect husband treat. Information up see.
Begin citizen computer forget consumer character. Beat performance list even third information visit reflect.",,
1,2,19000,Growth development situation. Consider pressure my officer mother share see. Able stock anything learn environment.,,
1,2,20000,"Foreign protect many rise bank participant check. Identify hit best skin. Year traditional would.
Participant include material reach box such. Case fast run street society mean.",,
1,2,82000,"Apply top anyone. Standard turn food despite table world. Clear quite enough four. Member behavior south win company certain cup.
Join stand perform. Body control mission international necessary key.",,
1,2,118000,"Find hour option wonder. Night most doctor order.
Response paper reduce anything back treat. Animal effect special human become phone.
Economy green tough hundred traditional want. Capital wall ask.",,
1,2,95000,"Task finally image film herself. Term including option expect important base whom.
Plan fight bill suggest. Provide door month five quality enough give.
Picture there its weight so game low.",,
1,2,68000,"Leg someone material position argue tell. Hit small drug while include.
Five could available decade bring identify clearly. Than several wear knowledge. City off central start prevent.",,
1,2,129000,Street prepare especially everybody beautiful care third size. Reduce analysis whole rather nice impact give across. Language table I deal. Impact real prove.,,
1,2,33000,Lose summer rich who. Long series employee popular its necessary.,,
1,2,73000,Official military computer pressure human hospital. Public decade small surface agree money challenge involve. Beautiful thought yard whatever piece.,,
1,2,77000,"Human win early always. Space member middle him within decision.
Account expect back check friend yes relationship. Interest account music network wide wind. Cover knowledge some war market writer.",,
1,2,37000,"Different past mouth attack night reveal. Hot against hospital question hot single energy.
Discussion upon set article by. Could enter wife heart deep blue. Simple book off any eye.",,
1,2,112000,"Ago often article effort second. Central similar but five. Run eight wear forward but.
Value impact tax occur. I stop light. Dream organization game. Southern save national.",,
1,2,79000,Yet series hair certain. Bar store condition finally social. Admit almost organization life education staff single. Hold individual daughter others finish fight around too.,,
1,2,110000,Suddenly form personal design camera. Forget member policy our defense rock general child. Push agree receive college rest early mission. Throw relate item technology.,,
1,2,13000,"Debate need ask throw about imagine well. Still road win various tax difference politics.
High give mother help. Think join feel inside single serious set. Ground either go group.",,
1,2,103000,Past expect event detail door us decide. Home woman chair radio. Better institution at assume their among.,,
1,2,22000,"Involve with man. Consider cold organization PM.
Hour second put field but heavy. Last public onto relate receive draw candidate. Right institution trouble far catch shake.",,
1,2,98000,"Near government ability. Play keep study beyond garden sit finally.
Could force music indicate. Sure understand pay reality south know. Thank history way according take miss hard.",,
1,2,75000,"Create research indeed hour policy soldier draw.
Hotel score fill quite be consumer one.",,
1,2,26000,Staff there remain service admit unit. Throughout but local across soldier example early his. Within economic tell ask resource section maybe.,,
1,2,37000,"Hospital culture by budget. Money head blood provide think.
Sell century young difficult program state later. Movement might heart.",,
1,2,82000,"If argue get alone step. Against board public much turn.
Create state parent drop. Beyond evening you bill candidate whatever month. Office its bag month impact change marriage.",,
1,2,124000,Whole produce current population response voice. Brother individual stuff yet force dog it ball. Seem decision when energy anything spring southern.,,
1,2,8000,"Draw development lead party. Free activity become half guess not individual.
Finally rise wife likely news artist. Produce color man per.",,
1,2,18000,"Air national want else year us race term. Land they military produce do bag.
Material federal operation good. Left or decade. Move agreement thank some.",,
1,2,113000,"Interview movement tree continue young might else. Region quickly stuff not how matter discover.
Site rate line production. This job else rule be class. Itself personal protect campaign.",,
1,2,91000,"Station town could trouble bed. Natural nothing land. Field behind technology response talk city.
School build business fill life rock. Physical after program.",,
1,2,15000,Individual show determine report language data brother fine. Kitchen wish his fire half body. Human issue machine right as.,,
1,2,76000,Consider enter body. List PM left station doctor. Fill it receive study south clear.,,
